{"cameraMode":{"drawMode":0,"name":"Shaded","section":"Shading Mode"},"sceneLighting":true,"audioPlay":false,"sceneViewState":{"showFog":true,"showMaterialUpdate":true,"showSkybox":true,"showFlares":true,"showImageEffects":true,"showParticleSystems":true},"in2DMode":false,"pivot":{"x":2.640174388885498,"y":0.7318423390388489,"z":0.1916358470916748},"rotation":{"x":-0.033751875162124637,"y":-0.7298122048377991,"z":0.036988671869039538,"w":-0.6819716691970825},"size":1.1653623580932618,"orthographic":false}