{"cameraMode":{"drawMode":0,"name":"Shaded","section":"Shading Mode"},"sceneLighting":false,"audioPlay":false,"sceneViewState":{"showFog":true,"showMaterialUpdate":false,"showSkybox":false,"showFlares":true,"showImageEffects":true,"showParticleSystems":true},"in2DMode":false,"pivot":{"x":0.006920456886291504,"y":1.3476026058197022,"z":0.44100403785705569},"rotation":{"x":0.1712699681520462,"y":-0.28651386499404909,"z":0.05213725566864014,"w":0.9412027597427368},"size":1.5819292068481446,"orthographic":false}