{"cameraMode":{"drawMode":0,"name":"Shaded","section":"Shading Mode"},"sceneLighting":false,"audioPlay":false,"sceneViewState":{"showFog":true,"showMaterialUpdate":false,"showSkybox":false,"showFlares":true,"showImageEffects":true,"showParticleSystems":true},"in2DMode":false,"pivot":{"x":3.0417869091033937,"y":0.11430878937244415,"z":3.3378143310546877},"rotation":{"x":0.007758156396448612,"y":-0.8182587027549744,"z":0.011047451756894589,"w":0.5746974945068359},"size":1.5819292068481446,"orthographic":false}